test_name,target_id,n_runs,ref_station_id,true_x,true_y,true_z,mean_est_x,mean_est_y,mean_est_z,mean_err,rmse_err,std_err,min_err,max_err,mean_err_xy,rmse_err_xy,std_err_xy,mean_err_z,rmse_err_z,std_err_z
outside,1,50,1,1572.3704229637895,1432.3284156510585,99.0,1571.1463821293532,1432.0372227295761,86.75079822275808,25.697404377079014,30.082611773551903,15.79869987543937,0.9785932264973861,46.309384258697804,5.177410612019654,6.247619758973515,3.532238119076877,24.82002285868751,29.426701793872976,15.968631359949294
inside,1,50,1,907.799979713967,1175.7824849826113,555.0,907.7577219819302,1175.7143416879126,549.1493076854546,6.016438202915835,8.587885848444259,6.190368975881417,0.02477037366485145,18.609486484658493,0.3277681103552756,0.39269348019832256,0.21847391668068347,5.850778984294609,8.578902912174662,6.33792926763033
farOut,1,50,1,1992.291307434831,14.859310780904234,555.0,2037.5312420920288,-27.740213405285875,475.2868039504169,210.18921637848948,257.05627949989696,149.48354679964515,7.25693884911938,645.5313142387513,177.13201161511893,226.30122057912126,142.27199050561592,79.72167112137191,121.9249293406768,93.18701598018184
random,1,50,1,1544.9842783243737,1588.3654758141006,727.0,1544.6754130857908,1588.1962209317776,726.9212282122788,15.665193109808765,19.56999993905833,11.848819042468595,0.9518719993845707,61.13885484893751,15.113403082033821,18.953435733042088,11.553680099578454,3.981126908435131,4.8736199614030555,2.8397326812823276
