test_name,target_id,n_runs,ref_station_id,true_x,true_y,true_z,mean_est_x,mean_est_y,mean_est_z,mean_err,rmse_err,std_err,min_err,max_err,mean_err_xy,rmse_err_xy,std_err_xy,mean_err_z,rmse_err_z,std_err_z
outside,1,50,1,1572.3704229637895,1432.3284156510585,99.0,1571.1463821293532,1432.0372227295761,86.75079822275808,25.697404377079014,30.082611773551903,15.79869987543937,0.9785932264973861,46.309384258697804,5.177410612019654,6.247619758973515,3.532238119076877,24.82002285868751,29.426701793872976,15.968631359949294
